wavelength,x.cmf,y.cmf,z.cmf,illuminant.SPD,unk.SRD1,unk.SRD2,unk.SRD3
360,0.0001299,3.92E-06,0.0006061,0.466383,0.136213559,0.265174882,0.080792973
361,0.000145847,4.39E-06,0.000680879,0.471834,0.121034603,0.255907156,0.090071943
362,0.000163802,4.93E-06,0.000765146,0.477285,0.118054707,0.25783881,0.089008371
363,0.000184004,5.53E-06,0.000860012,0.482735,0.115434994,0.259422712,0.087536069
364,0.00020669,6.21E-06,0.000966593,0.488186,0.112873512,0.263752779,0.083898077
365,0.0002321,6.97E-06,0.001086,0.493637,0.112030436,0.267213668,0.081855852
366,0.000260728,7.81E-06,0.001220586,0.499088,0.109963095,0.269975745,0.080004747
367,0.000293075,8.77E-06,0.001372729,0.504539,0.106157801,0.269104887,0.079099083
368,0.000329388,9.84E-06,0.001543579,0.509989,0.103934806,0.270007383,0.077978557
369,0.000369914,1.10E-05,0.001734286,0.51544,0.101390975,0.270970404,0.075117861
370,0.0004149,1.24E-05,0.001946,0.520891,0.100006593,0.269768708,0.073010258
371,0.000464159,1.39E-05,0.002177777,0.518777,0.09899634,0.267875054,0.071928348
372,0.000518986,1.56E-05,0.002435809,0.516664,0.098071097,0.266998917,0.07105614
373,0.000581854,1.74E-05,0.002731953,0.51455,0.096989588,0.266024667,0.068228877
374,0.000655235,1.96E-05,0.003078064,0.512437,0.096002446,0.264966278,0.066029414
375,0.0007416,2.20E-05,0.003486,0.510323,0.094880234,0.262903821,0.064896114
376,0.00084503,2.48E-05,0.003975227,0.508209,0.094000539,0.261949987,0.064028866
377,0.000964527,2.80E-05,0.00454088,0.506096,0.093041965,0.259999076,0.06195981
378,0.001094949,3.15E-05,0.00515832,0.503982,0.089920403,0.258335243,0.060316281
379,0.001231154,3.52E-05,0.005802907,0.501869,0.089569876,0.256993285,0.060000621
380,0.001368,3.90E-05,0.006450001,0.499755,0.088069342,0.253891239,0.058909134
381,0.00150205,4.28E-05,0.007083216,0.504428,0.086012062,0.252008236,0.058007454
382,0.001642328,4.69E-05,0.007745488,0.5091,0.085092384,0.250051068,0.055988053
383,0.001802382,5.16E-05,0.008501152,0.513773,0.083997515,0.2474793,0.055002457
384,0.001995757,5.72E-05,0.009414544,0.518446,0.083027082,0.245962501,0.053903868
385,0.002236,6.40E-05,0.01054999,0.523118,0.083000287,0.242984137,0.052999267
386,0.002535385,7.23E-05,0.0119658,0.527791,0.082106471,0.240177632,0.052104691
387,0.002892603,8.22E-05,0.01365587,0.532464,0.081006805,0.237512884,0.050025846
388,0.003300829,9.35E-05,0.01558805,0.537137,0.079992957,0.236084557,0.050000011
389,0.003753236,0.000106136,0.01773015,0.541809,0.08,0.234011173,0.049999796
390,0.004243,0.00012,0.02005001,0.546482,0.08,0.231284504,0.049017015
391,0.004762389,0.000134984,0.02251136,0.574589,0.079999885,0.228863327,0.049000044
392,0.005330048,0.000151492,0.02520288,0.602695,0.079892062,0.22692195,0.04903021
393,0.005978712,0.000170208,0.02827972,0.630802,0.080001927,0.225090086,0.047999219
394,0.006741117,0.000191816,0.03189704,0.658909,0.080000153,0.223397281,0.047025309
395,0.00765,0.000217,0.03621,0.687015,0.08023338,0.220798134,0.045901538
396,0.008751373,0.000246907,0.04143771,0.715122,0.080004189,0.21902018,0.046000021
397,0.01002888,0.00028124,0.04750372,0.743229,0.07899446,0.216963189,0.046107374
398,0.0114217,0.00031852,0.05411988,0.771336,0.078999997,0.215105419,0.044703826
399,0.01286901,0.000357267,0.06099803,0.799442,0.079,0.213,0.044
400,0.01431,0.000396,0.06785001,0.827549,0.077823119,0.210926297,0.044131621
401,0.01570443,0.000433715,0.07448632,0.83628,0.078717305,0.21009939,0.043025692
402,0.01714744,0.000473024,0.08136156,0.845011,0.079007153,0.208007839,0.043000504
403,0.01878122,0.000517876,0.08915364,0.853742,0.0779996,0.206330948,0.041994398
404,0.02074801,0.000572219,0.09854048,0.862473,0.077999971,0.205087477,0.042000416
405,0.02319,0.00064,0.1102,0.871204,0.07801569,0.202987281,0.041002504
406,0.02620736,0.00072456,0.1246133,0.879936,0.077991379,0.201447665,0.04100245
407,0.02978248,0.0008255,0.1417017,0.888667,0.077999997,0.199985333,0.041000014
408,0.03388092,0.00094116,0.1613035,0.897398,0.078,0.198179692,0.040975474
409,0.03846824,0.00106988,0.1832568,0.906129,0.078000008,0.196891579,0.040002073
410,0.04351,0.00121,0.2074,0.91486,0.078,0.196,0.04
411,0.0489956,0.001362091,0.2336921,0.916806,0.079006186,0.19491432,0.040000039
412,0.0550226,0.001530752,0.2626114,0.918752,0.079000002,0.194850357,0.040038208
413,0.0617188,0.001720368,0.2947746,0.920697,0.079000129,0.193999749,0.039813121
414,0.069212,0.001935323,0.3307985,0.922643,0.07932706,0.194,0.040105021
415,0.07763,0.00218,0.3713,0.924589,0.080000071,0.194000004,0.038963483
416,0.08695811,0.0024548,0.4162091,0.926535,0.079999486,0.19402693,0.039534794
417,0.09717672,0.002764,0.4654642,0.928481,0.081031812,0.194998646,0.038967633
418,0.1084063,0.0031178,0.5196948,0.930426,0.080999887,0.195978122,0.038863419
419,0.1207672,0.0035264,0.5795303,0.932372,0.081000662,0.196132789,0.039001886
420,0.13438,0.004,0.6456,0.934318,0.082061223,0.197749078,0.039000036
421,0.1493582,0.00454624,0.7184838,0.927568,0.082000016,0.198225311,0.039056182
422,0.1653957,0.00515932,0.7967133,0.920819,0.082023492,0.199830754,0.038000833
423,0.1819831,0.00582928,0.8778459,0.914069,0.08299795,0.201107159,0.038000001
424,0.198611,0.00654616,0.959439,0.90732,0.083001343,0.20093027,0.038
425,0.21477,0.0073,1.0390501,0.90057,0.083971224,0.202361372,0.038
426,0.2301868,0.008086507,1.1153673,0.893821,0.083947358,0.202947444,0.038
427,0.2448797,0.00890872,1.1884971,0.887071,0.085024251,0.203994163,0.037998299
428,0.2587773,0.00976768,1.2581233,0.880322,0.086001022,0.20499642,0.036986528
429,0.2718079,0.01066443,1.3239296,0.873572,0.086422551,0.205422413,0.036999961
430,0.2839,0.0116,1.3856,0.866823,0.086965805,0.205999881,0.037
431,0.2949438,0.01257317,1.4426352,0.885006,0.088425574,0.207105271,0.037000033
432,0.3048965,0.01358272,1.4948035,0.903188,0.089009933,0.207009866,0.036990117
433,0.3137873,0.01462968,1.5421903,0.921371,0.089908699,0.207997928,0.03600204
434,0.3216454,0.01571509,1.5848807,0.939554,0.09095221,0.20801265,0.036
435,0.3285,0.01684,1.62296,0.957736,0.092377506,0.208997943,0.035999968
436,0.3343513,0.01800736,1.6564048,0.975919,0.093909746,0.209000085,0.036016726
437,0.3392101,0.01921448,1.6852959,0.994102,0.094965515,0.209330652,0.036199654
438,0.3431213,0.02045392,1.7098745,1.01228,0.096011599,0.21000018,0.03599921
439,0.3461296,0.02171824,1.7303821,1.03047,0.097269082,0.21,0.036971935
440,0.34828,0.023,1.74706,1.04865,0.099051298,0.210000129,0.037000018
441,0.3495999,0.02429461,1.7600446,1.06079,0.099988091,0.210200088,0.037
442,0.3501474,0.02561024,1.7696233,1.07294,0.10099721,0.211000341,0.037
443,0.350013,0.02695857,1.7762637,1.08508,0.101974029,0.210999989,0.037
444,0.349287,0.02835125,1.7804334,1.09722,0.103027401,0.211029072,0.037
445,0.34806,0.0298,1.7826,1.10936,0.103988224,0.211999341,0.037
446,0.3463733,0.03131083,1.7829682,1.12151,0.105025344,0.211999965,0.037
447,0.3442624,0.03288368,1.7816998,1.13365,0.106000602,0.21200684,0.037
448,0.3418088,0.03452112,1.7791982,1.14579,0.106385157,0.21299805,0.037
449,0.3390941,0.03622571,1.7758671,1.15794,0.106999782,0.212924983,0.037
450,0.3362,0.038,1.77211,1.17008,0.108101941,0.213996148,0.037
451,0.3331977,0.03984667,1.7682589,1.17088,0.108000056,0.214983121,0.036999962
452,0.3300411,0.041768,1.764039,1.17169,0.108119317,0.216073273,0.036968993
453,0.3266357,0.043766,1.7589438,1.17249,0.109000457,0.217087931,0.037998295
454,0.3228868,0.04584267,1.7524663,1.1733,0.109,0.218006818,0.038
455,0.3187,0.048,1.7441,1.1741,0.109,0.219107819,0.038000001
456,0.3140251,0.05024368,1.7335595,1.1749,0.109,0.220023617,0.037999647
457,0.308884,0.05257304,1.7208581,1.17571,0.109,0.220947079,0.039101072
458,0.3032904,0.05498056,1.7059369,1.17651,0.109,0.22272283,0.038999909
459,0.2972579,0.05745872,1.6887372,1.17732,0.109,0.223990304,0.039000408
460,0.2908,0.06,1.6692,1.17812,0.109,0.225534679,0.040097057
461,0.2839701,0.06260197,1.6475287,1.17517,0.109,0.227010459,0.039999779
462,0.2767214,0.06527752,1.6234127,1.17222,0.109,0.227933696,0.041106501
463,0.2689178,0.06804208,1.5960223,1.16927,0.109,0.229780877,0.041780126
464,0.2604227,0.07091109,1.564528,1.16632,0.109,0.230978992,0.042113403
465,0.2511,0.0739,1.5281,1.16336,0.109,0.232003189,0.043557133
466,0.2408475,0.077016,1.4861114,1.16041,0.109,0.232969332,0.044963552
467,0.2298512,0.0802664,1.4395215,1.15746,0.109000007,0.235103043,0.045897621
468,0.2184072,0.0836668,1.3898799,1.15451,0.108992968,0.236011456,0.047949914
469,0.2068115,0.0872328,1.3387362,1.15156,0.110004618,0.23697279,0.050109167
470,0.19536,0.09098,1.28764,1.14861,0.10999999,0.238516197,0.053535761
471,0.1842136,0.09491755,1.2374223,1.14967,0.11,0.239991829,0.056963244
472,0.1733273,0.09904584,1.1878243,1.15073,0.110000006,0.240943089,0.060190368
473,0.1626881,0.1033674,1.1387611,1.1518,0.109992479,0.242707905,0.064612784
474,0.1522833,0.1078846,1.090148,1.15286,0.111002617,0.244036612,0.070064638
475,0.1421,0.1126,1.0419,1.15392,0.110999987,0.244430024,0.075871326
476,0.1321786,0.117532,0.9941976,1.15498,0.111001549,0.245021761,0.081741861
477,0.1225696,0.1226744,0.9473473,1.15604,0.111976872,0.245998397,0.089282748
478,0.1132752,0.1279928,0.9014531,1.15711,0.112000182,0.24589262,0.095432724
479,0.1042979,0.1334528,0.8566193,1.15817,0.111969019,0.246999809,0.102910044
480,0.09564,0.13902,0.8129501,1.15923,0.113001865,0.246999905,0.111356592
481,0.08729955,0.1446764,0.7705173,1.15212,0.114067536,0.247104223,0.119416991
482,0.07930804,0.1504693,0.7294448,1.14501,0.113990087,0.245999841,0.127084638
483,0.07171776,0.1564619,0.6899136,1.13789,0.114991471,0.246000034,0.135972566
484,0.06458099,0.1627177,0.6521049,1.13078,0.115989532,0.245975901,0.143770137
485,0.05795001,0.1693,0.6162,1.12367,0.116981315,0.245001383,0.152252557
486,0.05186211,0.1762431,0.5823286,1.11656,0.118098043,0.244999997,0.16089571
487,0.04628152,0.1835581,0.5504162,1.10945,0.118901676,0.245,0.169784942
488,0.04115088,0.1912735,0.5203376,1.10233,0.120094217,0.245000005,0.178242673
489,0.03641283,0.199418,0.4919673,1.09522,0.121080263,0.244992299,0.186198472
490,0.03201,0.20802,0.46518,1.08811,0.121995139,0.245997957,0.19392685
491,0.0279172,0.2171199,0.4399246,1.08865,0.123024907,0.246988997,0.201535892
492,0.0241444,0.2267345,0.4161836,1.0892,0.123897647,0.24868534,0.208524718
493,0.020687,0.2368571,0.3938822,1.08974,0.126003312,0.250002529,0.216008739
494,0.0175404,0.2474812,0.3729459,1.09028,0.126991254,0.252033291,0.222460274
495,0.0147,0.2586,0.3533,1.09082,0.128743745,0.253951755,0.227705818
496,0.01216179,0.2701849,0.3348578,1.09137,0.129981792,0.256042141,0.233053285
497,0.00991996,0.2822939,0.3175521,1.09191,0.131375623,0.259140506,0.237299651
498,0.00796724,0.2950505,0.3013375,1.09245,0.132889098,0.260962204,0.241732089
499,0.006296346,0.308578,0.2861686,1.093,0.134969948,0.262969972,0.245061792
500,0.0049,0.323,0.272,1.09354,0.137128166,0.265128753,0.24814059
501,0.003777173,0.3384021,0.2588171,1.09199,0.138807496,0.265911041,0.250044091
502,0.00294532,0.3546858,0.2464838,1.09044,0.140091044,0.266977022,0.250981053
503,0.00242488,0.3716986,0.2347718,1.08888,0.142418212,0.267997979,0.251997979
504,0.002236293,0.3892875,0.2234533,1.08733,0.143894851,0.268006249,0.251999992
505,0.0024,0.4073,0.2123,1.08578,0.146110387,0.266987764,0.251992492
506,0.00292552,0.4256299,0.2011692,1.08423,0.148436963,0.26552791,0.250966507
507,0.00383656,0.4443096,0.1901196,1.08268,0.150831112,0.264099899,0.249974932
508,0.00517484,0.4633944,0.1792254,1.08112,0.153085678,0.260944118,0.248876338
509,0.00698208,0.4829395,0.1685608,1.07957,0.155012955,0.25796312,0.246517872
510,0.0093,0.503,0.1582,1.07802,0.156948635,0.254089303,0.245098285
511,0.01214949,0.5235693,0.1481383,1.07501,0.160048569,0.249966996,0.241954568
512,0.01553588,0.544512,0.1383758,1.072,0.161993366,0.245540398,0.239516703
513,0.01947752,0.56569,0.1289942,1.06898,0.164866559,0.241183817,0.237045517
514,0.02399277,0.5869653,0.1200751,1.06597,0.167104608,0.235850366,0.233890475
515,0.0291,0.6082,0.1117,1.06296,0.169516837,0.230515215,0.23064453
516,0.03481485,0.6293456,0.1039048,1.05995,0.172886577,0.225186376,0.227251995
517,0.04112016,0.6503068,0.09666748,1.05694,0.175106104,0.219848849,0.223807753
518,0.04798504,0.6708752,0.08998272,1.05392,0.178005913,0.213519716,0.220654116
519,0.05537861,0.6908424,0.08384531,1.05091,0.180850596,0.208282273,0.217031368
520,0.06327,0.71,0.07824999,1.0479,0.184017916,0.201868843,0.212845539
521,0.07163501,0.7281852,0.07320899,1.0508,0.18632085,0.195568466,0.209635161
522,0.08046224,0.7454636,0.06867816,1.0537,0.189827178,0.189390492,0.205110345
523,0.08973996,0.7619694,0.06456784,1.0566,0.193157609,0.183795076,0.201941598
524,0.09945645,0.7778368,0.06078835,1.0595,0.196564309,0.177530932,0.197552698
525,0.1096,0.7932,0.05725001,1.06239,0.199698894,0.171223041,0.193140498
526,0.1201674,0.8081104,0.05390435,1.06529,0.203041219,0.164917511,0.18989539
527,0.1311145,0.8224962,0.05074664,1.06819,0.2075066,0.159580378,0.185995263
528,0.1423679,0.8363068,0.04775276,1.07109,0.210671118,0.153264405,0.182330193
529,0.1538542,0.8494916,0.04489859,1.07399,0.215023166,0.147925255,0.177978126
530,0.1655,0.862,0.04216,1.07689,0.218410413,0.142593544,0.174697942
531,0.1772571,0.8738108,0.03950728,1.07361,0.221969982,0.136212675,0.17015433
532,0.18914,0.8849624,0.03693564,1.07032,0.226060837,0.130936805,0.166976656
533,0.2011694,0.8954936,0.03445836,1.06704,0.229282837,0.126614397,0.162609554
534,0.2133658,0.9054432,0.03208872,1.06375,0.233828109,0.121292829,0.158193616
535,0.2257499,0.9148501,0.02984,1.06047,0.237011141,0.115989448,0.154988871
536,0.2383209,0.9237348,0.02771181,1.05719,0.241330103,0.111662964,0.150574071
537,0.2510668,0.9320924,0.02569444,1.0539,0.245653295,0.107310791,0.147408282
538,0.2639922,0.9399226,0.02378716,1.05062,0.250003886,0.102990344,0.143996348
539,0.2771017,0.9472252,0.02198925,1.04733,0.254341404,0.098598096,0.139975461
540,0.2904,0.954,0.0203,1.04405,0.25868471,0.095026975,0.136999749
541,0.3038912,0.9602561,0.01871805,1.04369,0.263987581,0.091014278,0.133003656
542,0.3175726,0.9660074,0.01724036,1.04333,0.268317691,0.086964323,0.1299384
543,0.3314384,0.9712606,0.01586364,1.04297,0.272975923,0.083230469,0.126996192
544,0.3454828,0.9760225,0.01458461,1.04261,0.277972972,0.080035545,0.123008269
545,0.3597,0.9803,0.0134,1.04225,0.28232536,0.076822716,0.119994443
546,0.3740839,0.9840924,0.01230723,1.0419,0.287628205,0.073352502,0.117055723
547,0.3886396,0.9874182,0.01130188,1.04154,0.292956805,0.070025843,0.114020744
548,0.4033784,0.9903128,0.01037792,1.04118,0.297310421,0.066959032,0.110750418
549,0.4183115,0.9928116,0.009529306,1.04082,0.302610839,0.064361639,0.107987884
550,0.4334499,0.9949501,0.008749999,1.04046,0.307975036,0.062024257,0.105023665
551,0.4487953,0.9967108,0.0080352,1.03641,0.312271369,0.058948294,0.101764227
552,0.464336,0.9980983,0.0073816,1.03237,0.317598919,0.05702141,0.099023512
553,0.480064,0.999112,0.0067854,1.02832,0.322966999,0.055026651,0.096049139
554,0.4959713,0.9997482,0.0062428,1.02428,0.327250673,0.053077863,0.092956166
555,0.5120501,1,0.005749999,1.02023,0.332551637,0.05091966,0.090401007
556,0.5282959,0.9998567,0.0053036,1.01618,0.336903021,0.050055955,0.088029845
557,0.5446916,0.9993046,0.0048998,1.01214,0.342229215,0.048805133,0.085817025
558,0.5612094,0.9983255,0.0045342,1.00809,0.347555415,0.046906001,0.082868356
559,0.5778215,0.9968987,0.0042024,1.00405,0.351874287,0.046101936,0.081036098
560,0.5945,0.995,0.0039,1,0.357225119,0.045848739,0.078872964
561,0.6112209,0.9926005,0.0036232,0.996334,0.36150776,0.044997542,0.077134412
562,0.6279758,0.9897426,0.0033706,0.992668,0.365965016,0.043962383,0.075091085
563,0.6447602,0.9864444,0.0031414,0.989003,0.371030531,0.044001882,0.073045959
564,0.6615697,0.9827241,0.0029348,0.985337,0.375539991,0.043028067,0.071123098
565,0.6784,0.9786,0.002749999,0.981671,0.378967797,0.042999848,0.06921807
566,0.6952392,0.9740837,0.0025852,0.978005,0.383022308,0.042959237,0.067956692
567,0.7120586,0.9691712,0.0024386,0.974339,0.387430179,0.041999474,0.065898092
568,0.7288284,0.9638568,0.0023094,0.970674,0.390561006,0.041971387,0.065127838
569,0.7455188,0.9581349,0.0021968,0.967008,0.393989035,0.040999519,0.063025371
570,0.7621,0.952,0.0021,0.963342,0.398031452,0.040985389,0.061906266
571,0.7785432,0.9454504,0.002017733,0.962796,0.400989154,0.039993255,0.06102345
572,0.7948256,0.9384992,0.0019482,0.96225,0.403942472,0.039979068,0.059963802
573,0.8109264,0.9311628,0.0018898,0.961703,0.407082691,0.039001156,0.059015407
574,0.8268248,0.9234576,0.001840933,0.961157,0.410517415,0.038977398,0.05789197
575,0.8425,0.9154,0.0018,0.960611,0.41296228,0.037994923,0.057300486
576,0.8579325,0.9070064,0.001766267,0.960065,0.41596625,0.038002378,0.057002322
577,0.8730816,0.8982772,0.0017378,0.959519,0.418101651,0.036993592,0.055993826
578,0.8878944,0.8892048,0.0017112,0.958972,0.421465296,0.037006981,0.055531131
579,0.9023181,0.8797816,0.001683067,0.958426,0.423798336,0.036015483,0.054997777
580,0.9163,0.87,0.001650001,0.95788,0.425995594,0.036000466,0.053998177
581,0.9297995,0.8598613,0.001610133,0.950778,0.428190582,0.034993241,0.054003572
582,0.9427984,0.849392,0.0015644,0.943675,0.43048171,0.035007036,0.053027211
583,0.9552776,0.838622,0.0015136,0.936573,0.432736683,0.034015707,0.052998054
584,0.9672179,0.8275813,0.001458533,0.92947,0.433976897,0.03400011,0.051993402
585,0.9786,0.8163,0.0014,0.922368,0.4359362,0.032913293,0.052000182
586,0.9893856,0.8047947,0.001336667,0.915266,0.438099031,0.033000151,0.051586022
587,0.9995488,0.793082,0.00127,0.908163,0.438873803,0.032997936,0.050999612
588,1.0090892,0.781192,0.001205,0.901061,0.441025675,0.031975066,0.050999913
589,1.0180064,0.7691547,0.001146667,0.893958,0.441991815,0.031999982,0.05093531
590,1.0263,0.757,0.0011,0.886856,0.442942231,0.03199991,0.04999946
591,1.0339827,0.7447541,0.0010688,0.888177,0.443896576,0.032101645,0.04999986
592,1.040986,0.7324224,0.0010494,0.889497,0.444897091,0.031001168,0.050101705
593,1.047188,0.7200036,0.0010356,0.890818,0.446011914,0.031,0.049000307
594,1.0524667,0.7074965,0.0010212,0.892138,0.447004936,0.031,0.049000116
595,1.0567,0.6949,0.001,0.893459,0.44800724,0.031,0.048719021
596,1.0597944,0.6822192,0.00096864,0.89478,0.448499986,0.031,0.047999488
597,1.0617992,0.6694716,0.00092992,0.8961,0.449002382,0.031,0.047997974
598,1.0628068,0.6566744,0.00088688,0.897421,0.450027089,0.031,0.046972911
599,1.0629096,0.6438448,0.00084256,0.898741,0.449999966,0.031,0.04699999
600,1.0622,0.631,8.00E-04,0.900062,0.450186372,0.031,0.046999935
601,1.0607352,0.6181555,0.00076096,0.899655,0.451000555,0.031,0.047084323
602,1.0584436,0.6053144,0.00072368,0.899248,0.450999999,0.031,0.046001795
603,1.0552244,0.5924756,0.00068592,0.898841,0.451,0.03100001,0.045999998
604,1.0509768,0.5796379,0.00064544,0.898434,0.451,0.030995656,0.046000312
605,1.0456,0.5668,6.00E-04,0.898026,0.451,0.032001541,0.044978532
606,1.0390369,0.5539611,0.000547867,0.897619,0.451,0.031999992,0.045000116
607,1.0313608,0.5411372,0.0004916,0.897212,0.451,0.032000001,0.045
608,1.0226662,0.5283528,0.0004354,0.896805,0.451,0.031999495,0.044999999
609,1.0130477,0.5156323,0.000383467,0.896398,0.451,0.032647247,0.045000555
610,1.0026,0.503,0.00034,0.895991,0.451,0.03300026,0.044201153
611,0.9913675,0.4904688,0.000307253,0.894091,0.451,0.033,0.043999897
612,0.9793314,0.4780304,0.00028316,0.89219,0.451,0.033000106,0.044
613,0.9664916,0.4656776,0.00026544,0.89029,0.450999373,0.0340749,0.044
614,0.9528479,0.4534032,0.000251813,0.888389,0.44989813,0.033999859,0.044
615,0.9384,0.4412,0.00024,0.886489,0.450000149,0.034,0.044
616,0.923194,0.42908,0.000229547,0.884589,0.450000532,0.034,0.044
617,0.907244,0.417036,0.00022064,0.882688,0.449341156,0.034,0.044
618,0.890502,0.405032,0.00021196,0.880788,0.448999716,0.034,0.044
619,0.87292,0.393032,0.000202187,0.878887,0.449000027,0.034,0.044
620,0.8544499,0.381,0.00019,0.876987,0.448993548,0.034,0.044
621,0.835084,0.3689184,0.000174213,0.872577,0.44800067,0.034,0.044
622,0.814946,0.3568272,0.00015564,0.868167,0.448000165,0.034,0.044
623,0.794186,0.3447768,0.00013596,0.863757,0.447784095,0.034,0.044000005
624,0.772954,0.3328176,0.000116853,0.859347,0.446999449,0.034,0.043994726
625,0.7514,0.321,1.00E-04,0.854936,0.447000001,0.034,0.044971489
626,0.7295836,0.3093381,8.61E-05,0.850526,0.44699999,0.034,0.045000036
627,0.7075888,0.2978504,7.46E-05,0.846116,0.447007728,0.034,0.045
628,0.6856022,0.2865936,6.50E-05,0.841706,0.446018552,0.034,0.045
629,0.6638104,0.2756245,5.69E-05,0.837296,0.445999981,0.034,0.045
630,0.6424,0.265,5.00E-05,0.832886,0.446,0.034,0.044999971
631,0.6215149,0.2547632,4.42E-05,0.833297,0.445999995,0.034,0.045014343
632,0.6011138,0.2448896,3.95E-05,0.833707,0.446001509,0.034,0.046000459
633,0.5811052,0.2353344,3.57E-05,0.834118,0.444998902,0.034,0.046
634,0.5613977,0.2260528,3.26E-05,0.834528,0.445000005,0.034,0.046
635,0.5419,0.217,3.00E-05,0.834939,0.445,0.034,0.046
636,0.5225995,0.2081616,2.77E-05,0.83535,0.444999996,0.034,0.046000004
637,0.5035464,0.1995488,2.56E-05,0.83576,0.44500389,0.034,0.04599611
638,0.4847436,0.1911552,2.36E-05,0.836171,0.44402793,0.034,0.04697207
639,0.4661939,0.1829744,2.18E-05,0.836581,0.44399996,0.034,0.04700004
640,0.4479,0.175,2.00E-05,0.836992,0.444,0.034,0.047
641,0.4298613,0.1672235,1.81E-05,0.83332,0.444000011,0.034,0.047000009
642,0.412098,0.1596464,1.62E-05,0.829647,0.443991349,0.03400001,0.046993064
643,0.394644,0.1522776,1.42E-05,0.825975,0.443773615,0.03399279,0.047973236
644,0.3775333,0.1451259,1.21E-05,0.822302,0.444998328,0.034974394,0.048000036
645,0.3608,0.1382,1.00E-05,0.81863,0.445000002,0.035000044,0.04800001
646,0.3444563,0.1315003,7.73E-06,0.814958,0.445,0.034992288,0.047992288
647,0.3285168,0.1250248,5.40E-06,0.811285,0.445,0.035978024,0.048978027
648,0.3130192,0.1187792,3.20E-06,0.807613,0.445,0.036002098,0.049000029
649,0.2980011,0.1127691,1.33E-06,0.80394,0.445,0.037075016,0.049000011
650,0.2835,0.107,0,0.800268,0.445,0.037028311,0.048992435
651,0.2695448,0.1014762,-1.06E-22,0.800456,0.445,0.038006964,0.049981732
652,0.2561184,0.09618864,0,0.800644,0.445,0.039065858,0.050000024
653,0.2431896,0.09112296,-6.62E-24,0.800831,0.44500001,0.039735439,0.050000143
654,0.2307272,0.08626485,0,0.801019,0.444992618,0.040743954,0.049897179
655,0.2187,0.0816,0,0.801207,0.445983204,0.042055587,0.050998794
656,0.2070971,0.07712064,0,0.801395,0.446000023,0.043010927,0.051000002
657,0.1959232,0.07282552,0,0.801583,0.446,0.043903643,0.050999997
658,0.1851708,0.06871008,0,0.80177,0.446,0.046092165,0.051001989
659,0.1748323,0.06476976,0,0.801958,0.446,0.048096759,0.052064936
660,0.1649,0.061,0,0.802146,0.44600001,0.049754286,0.051999907
661,0.1553667,0.05739621,0,0.804209,0.445992893,0.052106404,0.052
662,0.14623,0.05395504,0,0.806272,0.446328556,0.053963236,0.052
663,0.13749,0.05067376,-1.26E-29,0.808336,0.445918211,0.056533479,0.052
664,0.1291467,0.04754965,0,0.810399,0.446998419,0.059646539,0.052
665,0.1212,0.04458,0,0.812462,0.447000002,0.062490019,0.052
666,0.1136397,0.04175872,0,0.814525,0.447,0.065986796,0.052
667,0.106465,0.03908496,0,0.816588,0.447000146,0.069584316,0.052
668,0.09969044,0.03656384,0,0.818652,0.446896196,0.073548968,0.052
669,0.09333061,0.03420048,6.16E-33,0.820715,0.447998052,0.077391223,0.052
670,0.0874,0.032,0,0.822778,0.448000012,0.082460576,0.051999999
671,0.08190096,0.02996261,-3.85E-34,0.818784,0.447993511,0.087425789,0.052000463
672,0.07680428,0.02807664,0,0.814791,0.448970933,0.092407695,0.051633445
673,0.07207712,0.02632936,0,0.810797,0.448999651,0.098373869,0.050999448
674,0.06768664,0.02470805,0,0.806804,0.449273169,0.104245153,0.051
675,0.0636,0.0232,0,0.80281,0.450000513,0.11047734,0.051000285
676,0.05980685,0.02180077,0,0.798816,0.449996767,0.117363484,0.050822348
677,0.05628216,0.02050112,0,0.794823,0.450979546,0.124282488,0.049999607
678,0.05297104,0.01928108,0,0.790829,0.451006039,0.132268705,0.050000009
679,0.04981861,0.01812069,0,0.786836,0.452002448,0.140139385,0.049997045
680,0.04677,0.017,0,0.782842,0.451999157,0.148006925,0.048999777
681,0.04378405,0.01590379,0,0.774279,0.452998476,0.156872973,0.048999996
682,0.04087536,0.01483718,0,0.765716,0.453993713,0.165755769,0.049000022
683,0.03807264,0.01381068,0,0.757153,0.454860502,0.174651367,0.04897876
684,0.03540461,0.01283478,0,0.74859,0.455798671,0.184528375,0.047996351
685,0.0329,0.01192,2.87E-42,0.740027,0.455896929,0.193668068,0.048000006
686,0.03056419,0.01106831,0,0.731465,0.457027338,0.203153787,0.047999999
687,0.02838056,0.01027339,1.79E-43,0.722902,0.457998993,0.214122296,0.048000546
688,0.02634484,0.009533311,0,0.714339,0.458974605,0.22397486,0.047514568
689,0.02445275,0.008846157,0,0.705776,0.460106787,0.234226193,0.046999447
690,0.0227,0.00821,0,0.697213,0.460313078,0.244606873,0.047000001
691,0.02108429,0.007623781,-1.40E-45,0.699101,0.461227945,0.255535604,0.047000021
692,0.01959988,0.007085424,0,0.700989,0.461962732,0.266368283,0.046989837
693,0.01823732,0.006591476,-8.76E-47,0.702876,0.46300433,0.277190034,0.045996088
694,0.01698717,0.006138485,0,0.704764,0.464001782,0.288036947,0.046000001
695,0.01584,0.005723,0,0.706652,0.464993777,0.298856276,0.046
696,0.01479064,0.005343059,0,0.70854,0.465986401,0.309613693,0.046000027
697,0.01383132,0.004995796,0,0.710428,0.467011742,0.321311471,0.045974569
698,0.01294868,0.004676404,0,0.712315,0.467898826,0.33243618,0.044994822
699,0.0121292,0.004380075,0,0.714203,0.468891688,0.343047207,0.045000009
700,0.01135916,0.004102,0,0.716091,0.46990011,0.353860954,0.045
701,0.01062935,0.003838453,0,0.718831,0.470916019,0.364680619,0.045
702,0.009938846,0.003589099,0,0.721571,0.471936304,0.375562256,0.045
703,0.009288422,0.003354219,-1.67E-52,0.724311,0.47315061,0.386350306,0.045
704,0.008678854,0.003134093,0,0.727051,0.475045712,0.396166238,0.045
705,0.008110916,0.002929,-1.04E-53,0.72979,0.475987193,0.405960907,0.045
706,0.007582388,0.002738139,0,0.73253,0.476908525,0.415754822,0.045
707,0.007088746,0.002559876,0,0.73527,0.478051138,0.424735298,0.045
708,0.006627313,0.002393244,0,0.73801,0.479101876,0.434324014,0.045000011
709,0.006195408,0.002237275,0,0.74075,0.479901143,0.443022969,0.044992473
710,0.005790346,0.002091,0,0.74349,0.481424843,0.451893108,0.045971677
711,0.005409826,0.001953587,-5.10E-57,0.730745,0.482966847,0.460358338,0.046000039
712,0.005052583,0.00182458,0,0.718,0.483987825,0.468276562,0.046
713,0.004717512,0.00170358,0,0.705255,0.485076188,0.476131942,0.045999993
714,0.004403507,0.001590187,0,0.69251,0.486986291,0.482987641,0.045999142
715,0.004109457,0.001484,0,0.679765,0.488010891,0.489910571,0.046992625
716,0.003833913,0.001384496,0,0.66702,0.48890497,0.496513608,0.047000018
717,0.003575748,0.001291268,1.24E-60,0.654275,0.490640627,0.502626929,0.047002074
718,0.003334342,0.001204092,0,0.64153,0.492103225,0.50850663,0.048100766
719,0.003109075,0.001122744,-1.56E-61,0.628785,0.493101888,0.514478468,0.047999961
720,0.002899327,0.001047,0,0.61604,0.49398818,0.519243828,0.047947826
721,0.002704348,0.00097659,0,0.624322,0.495010549,0.524116633,0.048998875
722,0.00252302,0.000911109,0,0.632603,0.496001738,0.528985346,0.049002407
723,0.002354168,0.000850133,0,0.640885,0.496931303,0.533835206,0.050001754
724,0.002196616,0.000793238,0,0.649166,0.497898258,0.537725105,0.050754477
725,0.00204919,0.00074,0,0.657448,0.498892485,0.541618485,0.050992708
726,0.00191096,0.000690083,0,0.66573,0.501095488,0.54548828,0.051971396
727,0.001781438,0.00064331,-4.75E-66,0.674011,0.501989866,0.549348355,0.05228664
728,0.00166011,0.000599496,0,0.682293,0.502968404,0.553191895,0.052963138
729,0.001546459,0.000558455,-2.97E-67,0.690574,0.50402528,0.557011418,0.054001446
730,0.001439971,0.00052,0,0.698856,0.506015633,0.559864397,0.054990782
731,0.001340042,0.000483914,-1.85E-68,0.704057,0.507011187,0.562968843,0.055979225
732,0.001246275,0.000450053,0,0.709259,0.508639101,0.566739059,0.056979818
733,0.001158471,0.000418345,1.16E-69,0.71446,0.51012972,0.569466889,0.058105838
734,0.00107643,0.000388718,0,0.719662,0.511298839,0.572425606,0.059100513
735,0.000999949,0.0003611,7.24E-71,0.724863,0.512141517,0.575047034,0.059988209
736,0.000928736,0.000335384,0,0.730064,0.514014521,0.576991124,0.060996848
737,0.000862433,0.00031144,-4.53E-72,0.735266,0.515042479,0.578958412,0.062901817
738,0.00080075,0.000289166,0,0.740467,0.51590247,0.581731848,0.064010897
739,0.000743396,0.000268454,0,0.745669,0.517583342,0.582862396,0.065583949
740,0.000690079,0.0002492,0,0.75087,0.518403109,0.585366087,0.067368648
741,0.000640516,0.000231302,-3.54E-74,0.739376,0.519229159,0.586918658,0.068913261
742,0.000594502,0.000214686,0,0.727881,0.52000593,0.589059847,0.071061822
743,0.000551865,0.000199288,2.21E-75,0.716387,0.521005219,0.589970184,0.072978431
744,0.000512429,0.000185048,0,0.704893,0.521914271,0.591953757,0.075840491
745,0.000476021,0.0001719,0,0.693398,0.522889527,0.593646299,0.077969125
746,0.000442454,0.000159778,0,0.681904,0.524466502,0.594868911,0.080334088
747,0.000411512,0.000148604,0,0.67041,0.524933674,0.596902915,0.083181445
748,0.000382981,0.000138302,0,0.658916,0.526006879,0.598116339,0.087019485
749,0.000356649,0.000128793,0,0.647421,0.527001722,0.599990708,0.089995234
750,0.000332301,0.00012,0,0.635927,0.527996872,0.601031491,0.092964567
751,0.000309759,0.00011186,-6.75E-80,0.618752,0.528979608,0.602008701,0.09658869
752,0.000288887,0.000104322,0,0.601578,0.529485888,0.602908463,0.100513445
753,0.000269539,9.73E-05,0,0.584403,0.529931488,0.603929024,0.104213251
754,0.000251568,9.08E-05,0,0.567229,0.531006773,0.604967981,0.109150015
755,0.000234826,8.48E-05,0,0.550054,0.531998241,0.605988338,0.11399252
756,0.000219171,7.91E-05,0,0.53288,0.532991069,0.607845279,0.117812312
757,0.000204526,7.39E-05,3.29E-83,0.515705,0.534077764,0.608663628,0.122666157
758,0.000190841,6.89E-05,0,0.498531,0.533903098,0.610098204,0.12847389
759,0.000178065,6.43E-05,0,0.481356,0.534993424,0.610967445,0.133293073
760,0.000166151,6.00E-05,0,0.464182,0.535984099,0.611982442,0.13820292
761,0.000155024,5.60E-05,0,0.484569,0.536008865,0.613008299,0.143941769
762,0.000144622,5.22E-05,0,0.504956,0.537003553,0.613979999,0.148793743
763,0.00013491,4.87E-05,0,0.525344,0.536999438,0.615005405,0.154595176
764,0.000125852,4.54E-05,0,0.545731,0.537394837,0.61600942,0.15980533
765,0.000117413,4.24E-05,0,0.566118,0.538001434,0.617089626,0.165245433
766,0.000109552,3.96E-05,0,0.586505,0.539030722,0.617991962,0.171055198
767,0.000102225,3.69E-05,3.14E-89,0.606892,0.538999798,0.618900517,0.175869663
768,9.54E-05,3.44E-05,0,0.62728,0.539720572,0.619722916,0.181411576
769,8.90E-05,3.21E-05,0,0.647667,0.540000514,0.621101426,0.186507941
770,8.31E-05,3.00E-05,0,0.668054,0.539999973,0.622100037,0.191318663
771,7.75E-05,2.80E-05,-2.45E-91,0.664631,0.540007544,0.622981511,0.197121711
772,7.23E-05,2.61E-05,0,0.661209,0.540997893,0.622974433,0.20195679
773,6.75E-05,2.44E-05,-1.53E-92,0.657786,0.541000018,0.62480711,0.20677314
774,6.29E-05,2.27E-05,0,0.654364,0.541,0.624893292,0.211587076
775,5.87E-05,2.12E-05,0,0.650941,0.541000118,0.625999567,0.216313815
776,5.48E-05,1.98E-05,0,0.647518,0.540954997,0.627089407,0.222209635
777,5.11E-05,1.85E-05,0,0.644096,0.541999717,0.626995711,0.227024017
778,4.77E-05,1.72E-05,0,0.640673,0.541999997,0.62802289,0.231836524
779,4.45E-05,1.61E-05,0,0.637251,0.54199996,0.629004878,0.236648937
780,4.15E-05,1.50E-05,0,0.633828,0.542025308,0.629451483,0.241458902
781,3.87E-05,1.40E-05,0,0.634749,0.543007572,0.630001635,0.246269232
782,3.61E-05,1.31E-05,0,0.63567,0.542930108,0.631042639,0.251077189
783,3.37E-05,1.22E-05,0,0.636592,0.54300236,0.631917652,0.255889716
784,3.15E-05,1.14E-05,0,0.637513,0.542166224,0.631896301,0.259969532
785,2.94E-05,1.06E-05,0,0.638434,0.541897649,0.632897048,0.264504283
786,2.74E-05,9.89E-06,0,0.639355,0.542000149,0.633997633,0.269317358
787,2.55E-05,9.22E-06,1.14E-100,0.640276,0.542,0.634090792,0.273136584
788,2.38E-05,8.59E-06,0,0.641198,0.542000015,0.634999723,0.277930788
789,2.22E-05,8.01E-06,1.43E-101,0.642119,0.541973355,0.635026644,0.281750829
790,2.07E-05,7.47E-06,0,0.64304,0.540993198,0.636008817,0.286541219
791,1.93E-05,6.96E-06,0,0.638188,0.541000011,0.637107297,0.290244069
792,1.80E-05,6.49E-06,0,0.633336,0.541,0.637000503,0.295033182
793,1.67E-05,6.05E-06,0,0.628484,0.541,0.637974036,0.298963309
794,1.56E-05,5.64E-06,0,0.623632,0.541000482,0.637993539,0.302780488
795,1.46E-05,5.26E-06,3.49E-105,0.618779,0.540414959,0.638975297,0.306479807
796,1.36E-05,4.90E-06,0,0.613927,0.540000007,0.639358689,0.310272065
797,1.27E-05,4.57E-06,0,0.609075,0.539803777,0.640148236,0.315172602
798,1.18E-05,4.26E-06,0,0.604223,0.539000596,0.640993977,0.318991254
799,1.10E-05,3.97E-06,0,0.599371,0.538999978,0.641992825,0.322781302
800,1.03E-05,3.70E-06,0,0.594519,0.538999989,0.64297924,0.326566341
801,9.56E-06,3.45E-06,0,0.587026,0.539006172,0.644107557,0.330482047
802,8.91E-06,3.22E-06,0,0.579533,0.538023642,0.643996749,0.3342516
803,8.31E-06,3.00E-06,0,0.57204,0.53800001,0.64499743,0.338017113
804,7.75E-06,2.80E-06,0,0.564547,0.538082002,0.646038084,0.341895044
805,7.22E-06,2.61E-06,-6.65E-111,0.557054,0.537001422,0.645891351,0.344512554
806,6.73E-06,2.43E-06,0,0.549562,0.537090194,0.64699796,0.348511019
807,6.28E-06,2.27E-06,4.16E-112,0.542069,0.536002053,0.64699645,0.352039692
808,5.85E-06,2.11E-06,0,0.534576,0.535974034,0.647995742,0.355042628
809,5.46E-06,1.97E-06,0,0.527083,0.535000522,0.648990917,0.35892526
810,5.09E-06,1.84E-06,0,0.51959,0.535107243,0.649673902,0.361984003
811,4.74E-06,1.71E-06,0,0.525072,0.534001892,0.650000507,0.365580127
812,4.42E-06,1.60E-06,0,0.530553,0.534055806,0.650014945,0.368344035
813,4.12E-06,1.49E-06,-2.03E-115,0.536035,0.533000742,0.651002561,0.372020369
814,3.84E-06,1.39E-06,0,0.541516,0.533064812,0.651017381,0.374908175
815,3.58E-06,1.29E-06,0,0.546998,0.531999307,0.651997412,0.377712993
816,3.34E-06,1.21E-06,0,0.55248,0.530897306,0.652972526,0.380476375
817,3.11E-06,1.12E-06,0,0.557961,0.531062488,0.652999717,0.38324899
818,2.90E-06,1.05E-06,0,0.563443,0.530000627,0.653070445,0.386064203
819,2.71E-06,9.77E-07,0,0.568924,0.529074448,0.654013881,0.388957624
820,2.52E-06,9.11E-07,0,0.574406,0.528999676,0.655032215,0.392803106
821,2.35E-06,8.49E-07,-6.20E-120,0.577278,0.528998029,0.655999789,0.3953848
822,2.19E-06,7.92E-07,0,0.58015,0.52789456,0.656971714,0.398186384
823,2.04E-06,7.38E-07,-3.87E-121,0.583022,0.528001877,0.657006658,0.402027483
824,1.91E-06,6.88E-07,0,0.585894,0.526986402,0.657996378,0.404953911
825,1.78E-06,6.42E-07,2.42E-122,0.588765,0.527000079,0.657999984,0.407786081
826,1.66E-06,5.98E-07,0,0.591637,0.527000038,0.658027953,0.410677615
827,1.54E-06,5.58E-07,1.51E-123,0.594509,0.526979914,0.659007739,0.413456262
828,1.44E-06,5.20E-07,0,0.597381,0.525997034,0.658999993,0.416044408
829,1.34E-06,4.85E-07,-1.89E-124,0.600253,0.524991217,0.659000003,0.417982041
830,1.25E-06,4.52E-07,0,0.603125,0.524974268,0.658993087,0.419980038